geoid,aland_sqmi
37007920100,101.63485652675475
37007920200,68.30348807163058
37007920301,89.08224175981579
37007920302,32.689623424184866
37007920400,41.03321076103814
37007920501,21.60789494618172
37007920502,13.816253772438259
37007920600,162.7442941988324
37007980000,0.5493187379209354
37025040501,6.783641179619429
37025040502,12.698804241125725
37025040600,40.40326848698332
37025040701,1.1941417752681376
37025040703,1.6694088218957417
37025040704,1.5994922847203998
37025040705,1.6855421005904376
37025040800,1.4830681981399865
37025040900,1.1776517381789482
37025041001,1.9432440557988004
37025041002,1.2885283089454238
37025041100,3.876049839741406
37025041201,9.774142938716382
37025041202,9.092089614629566
37025041301,14.4069742448197
37025041304,2.1672497173246885
37025041305,5.814473023988645
37025041306,6.063062968255407
37025041307,1.9163443184131483
37025041503,8.284769306225238
37025041504,6.029562814469471
37025041505,4.650931389193631
37025041506,6.034060518514332
37025041507,8.29395313216833
37025041602,22.279886061914763
37025041603,23.102640418004665
37025041604,32.72650004134725
37025041701,28.195080011593742
37025041702,39.82075847700329
37025041901,1.5528820321411558
37025041902,1.1240001405343656
37025042000,6.4768158328818695
37025042101,1.4163068878042535
37025042102,1.4704133137915991
37025042201,2.2188233131519954
37025042202,3.007194885921535
37025042300,2.1063193217872636
37025042401,4.336729174614959
37025042402,2.03611977172971
37025042501,4.250919900389693
37025042502,1.3272277143982918
37025042503,2.175381028783592
37025042504,2.5628024984017777
37025042601,3.3530953155122245
37025042602,5.110687167703951
37025042603,8.605185062841334
37025042604,3.6460939578502205
37035010101,27.170635926537386
37035010102,9.192036405492022
37035010201,10.826406842602195
37035010203,7.514771949078575
37035010204,7.434843782932228
37035010301,6.5427246296515404
37035010302,4.465393471825485
37035010303,3.3939769703651743
37035010304,3.5264930227093196
37035010402,1.7131727293622108
37035010403,2.2909410187331876
37035010404,0.8861998210880732
37035010501,2.4465977178474163
37035010502,2.7540678551897417
37035010600,3.909341884463887
37035010700,1.4503499012250995
37035010900,2.016573349953499
37035011000,6.484227836019409
37035011101,11.364135565928002
37035011102,11.926568649765992
37035011200,5.0142735976943165
37035011300,10.533962642963866
37035011401,13.007690215083425
37035011402,16.91650777281601
37035011501,34.665605854210796
37035011503,24.247868455215695
37035011505,8.605992788557005
37035011506,6.035199519882032
37035011601,16.674681566162597
37035011602,19.665120776709866
37035011701,13.606361303113573
37035011702,34.7606553252943
37035011801,17.859917509041797
37035011802,52.47045515678832
37045950101,81.09314948660236
37045950102,38.17304396319173
37045950200,35.93941517666826
37045950301,24.45500647174134
37045950302,22.100849332692153
37045950400,7.110344995989546
37045950500,5.5035476584295235
37045950601,15.99649853011301
37045950603,19.614098920867114
37045950604,12.16323923429639
37045950701,7.4622450670218266
37045950702,5.370100713781132
37045950800,17.208354672415076
37045950900,3.2218823579531595
37045951000,2.1975768835717218
37045951100,1.91512269118352
37045951200,5.693360112794893
37045951300,21.243914510812964
37045951400,43.72156557325259
37045951501,20.76770151389693
37045951502,21.431201470959305
37045951503,13.880991521361072
37045951601,22.768917650494405
37045951602,15.217339740948452
37071030103,7.7706584519374715
37071030104,7.205515317048674
37071030105,1.953344488266271
37071030106,3.2721428203392637
37071030205,7.715900671608665
37071030206,3.7446863023405097
37071030207,5.73789815508924
37071030208,3.5325779927279486
37071030209,5.781430015158424
37071030301,12.861181048309385
37071030302,9.757055601587927
37071030401,14.359371709693002
37071030403,7.014845329789183
37071030404,6.309482246186842
37071030501,14.636186107851376
37071030503,9.656370969500497
37071030504,10.616455299647251
37071030601,7.777382421028489
37071030602,7.4936486860868765
37071030700,6.108024564617675
37071030801,6.475283007312456
37071030802,6.340474280350885
37071030901,1.7617555778694483
37071030902,3.242209478293944
37071031001,5.280384857915734
37071031004,2.2512273229098287
37071031005,2.7712022967815386
37071031006,2.2111155557610127
37071031101,3.3483369925103474
37071031102,1.3373277607636036
37071031202,2.1679165157524913
37071031203,0.8873403668644075
37071031204,0.9334297676317779
37071031301,4.412978945496873
37071031303,2.136492819375197
37071031304,2.3865433881077243
37071031401,1.85574326801696
37071031402,1.6383376367891969
37071031500,4.718931315253968
37071031600,8.781523710180046
37071031703,5.339589762906632
37071031704,8.374930723981596
37071031705,11.927248961769344
37071031706,9.620712890750468
37071031800,2.3440493706407013
37071031901,0.5467696914702382
37071031902,0.7769908255443424
37071032000,1.6468006100022887
37071032100,1.7364183959194173
37071032201,1.945537888722701
37071032202,0.8770538331565197
37071032301,2.576653913339488
37071032302,2.16872733028543
37071032403,2.4440266635736823
37071032404,1.3965620095185514
37071032405,4.06602522921768
37071032406,4.592252741444826
37071032505,1.015192691235519
37071032506,1.5039995683588896
37071032507,2.3486791216237837
37071032508,3.194830110214883
37071032509,2.189133215466557
37071032510,5.167899399454612
37071032600,2.1685674839917937
37071032702,1.1563690149957715
37071032703,0.9955686629254406
37071032704,1.4253107901414634
37071032801,0.9293363125469108
37071032802,1.691826685425033
37071032900,1.0875883903708616
37071033100,2.136410965717586
37071033202,2.989992490349835
37071033203,1.0213359626800877
37071033204,2.261235476961408
37071033303,2.169953590740961
37071033306,6.482495781736188
37071033308,5.252620637797105
37071033309,3.051559568346696
37071033310,2.521757908437923
37071033311,3.8448925538535064
37071033312,2.39727818642168
37071033313,1.4746708622938467
37071033400,5.975103877211376
37071033501,3.921302557131215
37071033502,4.753724525168862
37097060100,2.733261968172365
37097060200,2.4808677593374853
37097060300,2.5659847523924846
37097060400,4.816580412170938
37097060500,1.7748174138929391
37097060601,4.183116500328055
37097060602,3.149529516157415
37097060603,9.138571681292174
37097060701,19.181908905965933
37097060702,28.453723669966788
37097060703,14.179878221616839
37097060801,51.64407839024697
37097060802,42.20721576432965
37097060901,60.81795255020115
37097060902,51.296599188929996
37097061001,14.562934420230544
37097061002,23.88903437551815
37097061003,8.846599298491583
37097061101,19.446333671958836
37097061102,16.700761222563504
37097061103,14.12471850894099
37097061104,9.18515220400521
37097061201,12.701453674137642
37097061202,12.324236884569734
37097061203,6.8938459326300405
37097061204,5.416430656193275
37097061205,18.830435091716684
37097061301,14.663133335802529
37097061302,17.193861941792026
37097061303,11.8536239133612
37097061304,7.68338585053133
37097061401,4.593276298267122
37097061402,4.221079995066741
37097061403,2.7031564245643347
37097061404,3.732410570311811
37097061405,2.7011888479644024
37097061406,4.7103926660178015
37097061407,8.273922152183147
37097061408,11.338111508237926
37097061501,1.9498935071732184
37097061502,6.1089755342341645
37097061503,3.118036707493742
37097061601,1.7155414661048687
37097061603,2.8475744620477097
37097061604,1.4793689533589913
37097061605,1.9757063669825736
37109070100,3.138985838411938
37109070201,4.673497515951802
37109070202,4.3862765063142355
37109070300,8.290295586420456
37109070400,19.574841597795153
37109070500,45.93711975942821
37109070600,33.14899541714959
37109070700,28.59174553909175
37109070800,22.589131883084224
37109070901,10.91658988207943
37109070902,32.715296128910666
37109071001,22.360217704816787
37109071002,16.95048746548286
37109071101,18.36838123315872
37109071102,13.633954866078126
37109071201,2.307583180072843
37109071202,2.7891838465091774
37109071203,5.474294242285397
37119000101,0.25205945826342346
37119000102,0.19145609125428406
37119000103,0.06929414049577129
37119000104,0.23625513860780553
37119000301,0.07570227802110027
37119000302,0.23657097017349324
37119000401,0.1326894122133311
37119000402,0.39658019892097074
37119000501,0.3513911883873214
37119000502,0.2597154779651616
37119000503,0.18389389437707174
37119000600,0.41479727096532043
37119000700,0.49045476113602976
37119000800,0.5202996857870438
37119000900,0.4346305666453288
37119001000,0.6124518462728449
37119001100,0.7413246386489839
37119001200,1.620728289542393
37119001300,1.0075138915064268
37119001400,0.8154076042171572
37119001504,1.358761835992929
37119001505,2.0229648850860107
37119001507,0.8309466716898565
37119001508,2.1847316508591734
37119001509,1.3871855185983482
37119001510,0.7080951424761869
37119001603,0.9602769951238683
37119001605,0.3903724484159253
37119001606,0.7580478814419329
37119001607,0.7010634499648118
37119001608,0.776701635027594
37119001609,0.7838572663318613
37119001701,0.5836362699765051
37119001702,1.4245737211208058
37119001801,0.7551579067852426
37119001802,1.0315553146123893
37119001910,1.0157602614085763
37119001911,1.2139955343625486
37119001914,1.4036095322184268
37119001916,1.3916168130719397
37119001917,1.4826952234548345
37119001918,0.7732738200640542
37119001919,0.8406185307613447
37119001920,1.0476430332523774
37119001921,0.9926400780528961
37119001922,1.4575700115898433
37119001923,0.8499413534815107
37119001924,0.41825636020370216
37119001925,0.8673383445411161
37119001926,0.7207114166087198
37119001927,0.3931423453013088
37119002004,1.795136426088394
37119002005,0.6946232659603239
37119002006,1.5520947698398877
37119002007,0.9525306275170312
37119002008,1.443066470106355
37119002100,0.6133792636576638
37119002201,0.8193273133306801
37119002202,0.8573877197111602
37119002300,0.7380508784467026
37119002400,0.550956197175314
37119002500,0.5917509790425917
37119002600,0.27205568905433675
37119002701,0.6451778652309026
37119002702,1.3187859768039196
37119002800,1.0832771736685767
37119002903,1.641695953364199
37119002905,1.3937036952388617
37119002907,0.9516001213149439
37119002908,1.4740735622545815
37119002909,0.7973623476333589
37119002910,0.7369161242027463
37119003006,1.151528452234125
37119003008,1.9674877964358393
37119003012,1.7047580189189366
37119003013,2.3573169991146954
37119003015,1.8011129014004723
37119003016,1.1613045588884197
37119003017,1.3023252834787795
37119003018,0.7143082984114519
37119003019,1.0307012566376934
37119003020,2.436182226018575
37119003021,0.8062353613388228
37119003022,1.1541107034704567
37119003102,1.4791102649127679
37119003105,1.3094125747009848
37119003106,0.8633224959901161
37119003108,0.6074784643686597
37119003109,0.29265037819099077
37119003110,0.8000334023661555
37119003111,0.7445806381519724
37119003201,0.7415740606434024
37119003203,0.43502709356215186
37119003204,0.8954288209837132
37119003301,0.20470982005057062
37119003302,0.5645709314898376
37119003401,0.2739973968096467
37119003402,0.8578734362266066
37119003500,0.6714355147268988
37119003600,1.1234186706836007
37119003701,0.23894318183557803
37119003702,0.7455632681454629
37119003802,2.5881423830669186
37119003805,3.1636280364765925
37119003807,1.5170444158874046
37119003808,0.6689343449438607
37119003809,0.8057426949845227
37119003810,1.617985805910266
37119003811,0.8375938064513232
37119003902,2.282715112245441
37119003903,2.088173678642244
37119004000,3.8925174829054
37119004101,0.7743124348705335
37119004102,0.6589817896031122
37119004200,1.0630384707220988
37119004302,1.238240433306063
37119004303,1.633240702194278
37119004304,1.733113361442294
37119004306,0.5995598951991127
37119004307,1.2915036121791519
37119004400,2.983510993414383
37119004500,1.3925438443546
37119004600,0.8926600824048053
37119004700,0.4348023821058801
37119004800,1.2593023060545534
37119004900,0.3404853468171315
37119005000,0.3859890306099929
37119005100,2.1258464384555475
37119005200,1.4074616734542047
37119005301,2.2200982224795025
37119005305,0.8750306578457573
37119005306,1.3048025149279878
37119005307,0.4390274980268101
37119005308,0.3014670209813075
37119005403,2.367925155920649
37119005404,2.0720770796526096
37119005405,1.592364452771548
37119005406,2.8954777707559125
37119005508,3.568807888774779
37119005510,2.9821036510464958
37119005511,0.7510779652759246
37119005512,1.6930320963640026
37119005513,1.2845201824375947
37119005515,0.8281343035670333
37119005516,0.46741836194875325
37119005517,1.1105757545840031
37119005519,2.340135066957398
37119005520,2.2039135921977207
37119005522,0.8701418323142929
37119005525,0.9269891975251313
37119005526,1.7501837100757724
37119005527,0.8030156554387374
37119005528,1.1191920103540365
37119005529,0.7761962273020621
37119005530,2.316857353921032
37119005531,2.355098842213869
37119005532,1.2297357610598485
37119005533,2.218449180160368
37119005534,1.1422693363701184
37119005535,1.044976611745483
37119005536,4.523621152253114
37119005604,2.1967224394948675
37119005609,1.2463122850325514
37119005610,0.9130953113499815
37119005611,1.9496896452335082
37119005612,1.5851474312240723
37119005613,2.1716775368788532
37119005615,1.158812269455028
37119005616,2.963529820607653
37119005617,1.9331501870680252
37119005618,2.57276470629649
37119005619,2.210484278731796
37119005621,5.1327413229998955
37119005622,0.2854186847614908
37119005623,0.9808651205238271
37119005624,0.9599295031811801
37119005625,1.6918560291890823
37119005626,2.5040037728816658
37119005627,3.0290096578791834
37119005709,1.7656799202088735
37119005710,1.106369557668842
37119005712,2.9530826684018114
37119005713,5.252690522287802
37119005714,10.559789788553086
37119005715,7.059894571341439
37119005716,0.9236316531544462
37119005718,1.7531076617224144
37119005719,4.519856656207324
37119005720,2.1536164501065547
37119005721,2.4853299419837604
37119005722,1.5654654875902128
37119005723,1.1439272590388998
37119005811,1.5285359744321034
37119005815,2.0517596118657893
37119005816,2.029344837153766
37119005817,1.6583049099182194
37119005824,5.716169870015104
37119005826,1.7248067596034118
37119005827,0.6904201578624308
37119005828,1.233354696591867
37119005829,1.1284171492280912
37119005830,1.337199188744809
37119005832,1.1506913827544047
37119005833,1.8978608358794042
37119005834,2.160210688872301
37119005835,2.0678654773072287
37119005836,1.0217514086026793
37119005839,1.0358468401045884
37119005840,1.0052710240674536
37119005843,1.1369859144326235
37119005845,1.844281439338469
37119005846,1.6848127536129511
37119005847,2.5000064572342757
37119005848,2.1776648230513707
37119005849,1.340350940664991
37119005850,1.4979647916208712
37119005851,1.7636146597628302
37119005852,0.6020865477246145
37119005853,0.5357897182856081
37119005854,0.9960868120222045
37119005855,1.4525263590928033
37119005856,0.37938861420970976
37119005857,0.5268564726434115
37119005858,1.8590390360422784
37119005859,0.7409817799321983
37119005860,1.0177486875250699
37119005861,0.626033375801734
37119005862,0.7324118564211901
37119005863,0.8361061548344592
37119005864,1.1327692927591815
37119005865,0.898965516755962
37119005866,3.2299588429055506
37119005867,1.0121976967917052
37119005868,1.138212560990313
37119005908,5.658383504354691
37119005910,1.5984308898865667
37119005913,2.8236029234324436
37119005915,0.42517955800852675
37119005916,1.9409656669612416
37119005918,1.9532143718388422
37119005919,6.1243586164348125
37119005920,7.627282504180003
37119005921,0.9151150117413169
37119005922,1.4078802081940647
37119005923,1.1756331960940882
37119005924,3.1087690973822477
37119005925,2.03032128951272
37119005926,6.405268400188844
37119005927,1.123308631568416
37119005928,4.965591907034493
37119005929,0.8827870641087165
37119005930,1.9758198810171852
37119005931,0.8574730482881981
37119005932,0.9911022331554216
37119006005,6.372589099591971
37119006008,1.7998870270471001
37119006009,2.256668274528009
37119006011,1.4503499012250995
37119006012,2.558536455652042
37119006013,1.7449890916347426
37119006014,2.1859463282499476
37119006015,2.1632736372960184
37119006016,2.1362816214944744
37119006103,4.123749432430568
37119006105,2.9271045568686
37119006108,2.3712630090812485
37119006109,2.1959556406080023
37119006110,3.115024724554952
37119006111,4.4376755839658815
37119006112,1.4012778612829888
37119006113,1.091066398615012
37119006114,1.3062805139908884
37119006115,0.7871881696536069
37119006208,1.3016669792984648
37119006209,1.6913622045283065
37119006210,3.1623168335461824
37119006211,2.2059699722941177
37119006212,1.4004222588996589
37119006214,2.137447263911114
37119006216,0.7285886728473028
37119006217,1.3357702246560432
37119006218,1.4341247302166704
37119006219,1.592356730728377
37119006220,2.076612235606849
37119006221,1.9010245569665012
37119006222,12.082392531114868
37119006223,4.480055315193976
37119006224,4.927385167935925
37119006305,5.869219993457013
37119006306,1.8527000108033287
37119006307,5.514319908652858
37119006308,1.3299601593742967
37119006309,0.8290412575374495
37119006310,5.394309705223902
37119006311,5.001490913531452
37119006403,3.69819149430667
37119006404,9.164530873819617
37119006407,1.6341754555201093
37119006408,0.8788264281663881
37119006409,3.371906598778571
37119006410,0.9271077308878038
37119006411,1.0387673168318035
37119980100,5.959748594366143
37119980200,4.272972511277004
37119980300,0.18488733523100145
37159050201,4.938047379044074
37159050202,4.720106610224571
37159050300,1.2003506840796585
37159050400,1.3239933366161816
37159050500,2.5353340325365923
37159050700,3.8222333764751255
37159050800,7.443387837598614
37159050901,29.022096549411792
37159050903,28.82036010208416
37159050904,49.4129828199857
37159051001,24.18963382494921
37159051002,8.859191634290287
37159051101,26.35319047512744
37159051102,13.07996892526473
37159051201,10.375333729433178
37159051202,11.758499152356782
37159051204,5.344485538276951
37159051301,13.496722575867384
37159051302,16.059409243621598
37159051303,5.37314744591419
37159051400,11.760945109531148
37159051501,2.3279631964093475
37159051502,5.271097556594154
37159051600,9.03248625221105
37159051700,17.118604839559726
37159051801,20.143404439502163
37159051802,33.29296480392474
37159051901,64.15202577066846
37159051903,37.86159040987972
37159051904,41.49298507245207
37159052000,1.0255058659923462
37167930101,49.06664918377312
37167930102,30.896274264988364
37167930200,30.241188246164945
37167930300,9.417061376716461
37167930500,9.728314543008185
37167930700,48.81395651796969
37167930801,23.580800914208385
37167930802,31.056548745918757
37167930901,25.350643787890665
37167930902,18.654029262602386
37167931001,38.59842854144644
37167931002,27.74870228677476
37167931101,12.018669072562547
37167931102,26.938398180889216
37167931202,9.65252384759278
37167931203,1.3626000775509994
37167931204,1.9542603225863335
37179020100,85.73496616213927
37179020203,11.946077233530666
37179020204,40.025587602620845
37179020205,13.358081398880122
37179020206,17.46653539430003
37179020305,6.754647610228001
37179020307,7.973801469428677
37179020308,9.136751981818962
37179020309,1.5415742582239231
37179020310,2.3956268274895938
37179020312,4.950215388570539
37179020313,1.9039137594188742
37179020314,2.015674890230571
37179020315,4.309254145013079
37179020316,3.590946214341286
37179020317,2.7351326331305033
37179020318,1.6133799932610131
37179020319,2.70028614111773
37179020320,0.9542375851599474
37179020321,3.8318712585566623
37179020401,10.899364706480375
37179020403,6.7791210816493725
37179020405,1.6954707175973567
37179020406,2.1489670079133867
37179020501,4.302572647159502
37179020502,7.212033493689187
37179020601,12.799546402434778
37179020602,8.249393854255263
37179020701,13.77517868040388
37179020702,27.768557590277805
37179020800,53.279459642808206
37179020901,78.57429815521394
37179020902,53.26024758550129
37179021004,8.824191473618415
37179021005,27.816314180165758
37179021006,3.293167241178376
37179021007,5.673821026959693
37179021009,3.586506425620206
37179021012,6.418776184205452
37179021013,4.971979967247577
37179021014,7.411073017439404
37179021015,29.36496684926224
37179021016,4.860182928935136
37179021017,3.2127603083554357
37179021018,6.64639228701587
37179021019,6.076015151265872
37179021020,5.632714660650472
37179021021,3.2644701982447084
45023020100,1.3591645405442887
45023020200,1.9881932968919949
45023020300,3.6501433972890136
45023020400,47.4544120529014
45023020500,132.50389707599032
45023020601,121.4231778690296
45023020602,70.20662769622157
45023020700,44.67855915562021
45023020800,67.90305341486088
45023020900,82.00356833778932
45023021000,7.490474926343658
45057010100,74.70464988926116
45057010201,66.03637689202047
45057010202,31.574212126167275
45057010300,140.8801104313426
45057010400,28.16315554071682
45057010500,8.003136353128257
45057010600,10.706003587175843
45057010700,2.372296990661825
45057010800,1.675753252564911
45057010900,6.5261299588773864
45057011001,26.61946582876624
45057011002,33.94234847996864
45057011100,51.594941099040064
45057011203,3.9198697320208638
45057011204,4.097689853341905
45057011205,5.933029938892847
45057011206,4.19522350571347
45057011207,3.3140719703483392
45057011208,4.35163233183254
45057011209,33.17156887984878
45057011210,2.5512445302858096
45057011211,4.735380039412194
45091060102,1.4910836789513275
45091060200,1.7164916635170417
45091060300,1.2426350480745931
45091060401,0.8550351992591612
45091060402,1.706005901095346
45091060501,1.3691904552951604
45091060502,1.8766881518114122
45091060600,0.16088876946463718
45091060700,2.497665519847033
45091060802,1.0337842823736547
45091060803,1.3491108264380018
45091060804,1.569223806001465
45091060901,6.602048454107271
45091060904,10.400768209127161
45091060908,1.2270048604924777
45091060909,3.4174666534865796
45091060910,6.00439783408215
45091060911,5.4211387859145415
45091060912,2.811899394802705
45091060913,2.876086562047435
45091061004,5.484860313956069
45091061006,4.245083966263325
45091061007,3.0287459501048986
45091061008,5.7842126534150395
45091061009,4.326516386419353
45091061010,2.370537909227506
45091061011,5.227241756813951
45091061012,1.9824040811268095
45091061101,4.808960299969944
45091061103,10.434956396959619
45091061104,6.311288818186662
45091061202,16.33786920917968
45091061203,22.48649820730047
45091061204,3.906416002306452
45091061205,11.94243899289072
45091061301,9.466408707497614
45091061302,37.832518461750105
45091061401,70.24897499486835
45091061403,27.27349701649252
45091061404,4.252517205019584
45091061503,24.447538483790808
45091061504,20.67394934606613
45091061505,24.795165176132343
45091061506,23.57581981026103
45091061601,5.4579852871085635
45091061602,6.011520646702941
45091061701,58.54925101580001
45091061705,24.487314342061694
45091061706,18.548968548650034
45091061708,7.236231674271519
45091061709,6.4566458561196125
45091061710,2.2035155208722634
45091061801,4.536146692378389
45091061802,9.372229124577306
45091061900,131.3006764945662
