t10,t20,afact
37007920100,37007920100,1.0
37007920200,37007920200,0.9999255694667475
37007920300,37007920200,0.0008526863727547479
37007920300,37007920301,0.7274704091642842
37007920300,37007920302,0.2669525739140684
37007920200,37007920400,7.443053325248326e-05
37007920400,37007920400,1.0
37007920500,37007920400,1.2283479022624392e-05
37007920500,37007920501,0.6099689140786555
37007920500,37007920502,0.39001880244232184
37007920600,37007920600,1.0
37007920300,37007980000,0.004485889882681568
37035010501,37023021100,0.00013617309730838014
37035010600,37023021100,0.00021502871440561645
37035011101,37023021202,0.008009951124080678
37035011801,37023021203,0.0009223891920979648
37045950101,37023021203,8.752983076712303e-05
37109070600,37023021203,2.9032096058948813e-05
37045950101,37023021302,2.5817158286201905e-05
37025040500,37025040501,0.3481924898604424
37025040500,37025040502,0.6518075101395576
37025040600,37025040600,1.0
37159051101,37025040600,1.5105014057405881e-05
37025040701,37025040701,1.0
37025040703,37025040703,1.0
37025040702,37025040704,0.486902752638631
37025040702,37025040705,0.5130972473613691
37025040800,37025040800,1.0
37025040900,37025040900,1.0
37025041000,37025041001,0.5991665205351402
37025041000,37025041002,0.39729596556748376
37025041100,37025041100,1.0
37025041200,37025041100,5.151528127516651e-06
37025042402,37025041100,0.002433049518545263
37025041200,37025041201,0.5154564882081623
37025041200,37025041202,0.47948721566848074
37025041301,37025041301,1.0
37097061408,37025041301,0.0029260883482573378
37025041302,37025041304,0.27152655981233487
37025041302,37025041305,0.7284734401876651
37025041303,37025041306,0.7598387637619596
37025041303,37025041307,0.24016123623804048
37025041503,37025041503,1.0
37025041501,37025041504,0.564667631011403
37025041501,37025041505,0.4353323689885969
37119005614,37025041505,0.0009117938380018158
37025041502,37025041506,0.4207446468405764
37119005618,37025041506,0.0019541326888229136
37025041502,37025041507,0.5788050537326689
37025041602,37025041602,1.0
37025041601,37025041603,0.4133494582890012
37025041601,37025041604,0.585538311596775
37025041701,37025041701,1.0
37025041702,37025041701,0.00011780794788208956
37025041702,37025041702,0.9996838067247111
37025041901,37025041901,1.0
37025041902,37025041902,1.0
37025042000,37025042000,1.0
37025042101,37025042101,1.0
37025042102,37025042102,1.0
37025042200,37025042201,0.42457244284862017
37025042200,37025042202,0.5754275571513798
37025042300,37025042300,1.0
37025042401,37025042401,1.0
37025042402,37025042402,0.9975669504814547
37025042501,37025042402,3.887283315743679e-05
37025042501,37025042501,0.9999611271668426
37025042502,37025042502,1.0
37025042503,37025042503,1.0
37025042504,37025042504,1.0
37025042601,37025042601,1.0
37025042602,37025042602,1.0
37025042603,37025042603,0.9999625737787945
37119005611,37025042603,0.0008488650679937185
37025042604,37025042604,0.9999960673975781
37119005611,37025042604,0.0068492935296395226
37035010101,37035010101,1.0
37035010102,37035010102,1.0
37035010201,37035010201,1.0
37035010202,37035010203,0.5026601525358665
37035010202,37035010204,0.49731378880596494
37035010301,37035010301,1.0
37035010302,37035010302,1.0
37035010303,37035010303,0.9999919230354006
37035010303,37035010304,8.076964599346721e-06
37035010304,37035010304,1.0
37035010402,37035010402,1.0
37035011000,37035010402,3.876217316819258e-05
37035010401,37035010403,0.7210700230909723
37035010401,37035010404,0.2789299769090277
37035010501,37035010501,0.9998638269026916
37035010502,37035010502,1.0
37035010600,37035010600,0.9997849712855944
37035010700,37035010700,1.0
37035010900,37035010900,1.0
37035011000,37035011000,0.9999612378268318
37035011101,37035011101,0.991985650370511
37035011102,37035011101,4.629377088176846e-06
37035011101,37035011102,4.398505408320418e-06
37035011102,37035011102,0.9999953706229118
37035011200,37035011200,1.0
37035011300,37035011300,1.0
37035011401,37035011401,1.0
37035011402,37035011402,1.0
37035011501,37035011501,1.0
37035011503,37035011503,1.0
37035011504,37035011505,0.6017367184484194
37035011504,37035011506,0.39826328155158064
37109071101,37035011506,0.010684087955621265
37109071203,37035011506,0.024948798722191058
37035011601,37035011601,0.9996342544986372
37035011602,37035011601,0.000721347776676977
37035011601,37035011602,0.0003657455013627657
37035011602,37035011602,0.999278652223323
37109070800,37035011602,0.0022195839474635467
37109070901,37035011602,0.006325756497455703
37109071101,37035011602,0.004111674798924594
37035010202,37035011701,2.6058658168668787e-05
37035011701,37035011701,1.0
37035011702,37035011702,1.0
37109070700,37035011702,0.00022195603998616367
37109070800,37035011702,0.009627976347813491
37035011801,37035011801,0.999077610807902
37035011802,37035011802,1.0
37109070600,37035011802,0.011314467706883252
37045950101,37045950101,0.9998866530109467
37045950102,37045950102,1.0
37045950200,37045950200,1.0
37045950301,37045950200,8.146679126244034e-06
37045950301,37045950301,0.9999918533208737
37045950302,37045950302,1.0
37071030801,37045950302,0.00012713790425164043
37045950400,37045950400,1.0
37045950500,37045950500,0.9988010215150885
37071030801,37045950500,0.00034240887561917205
37045950601,37045950601,1.0
37045950602,37045950603,0.6171182539716097
37071031701,37045950603,0.0001619371546249907
37045950602,37045950604,0.38276001426323525
37045950700,37045950701,0.5815183906737659
37045950700,37045950702,0.41848160932623407
37045950800,37045950800,1.0
37045950900,37045950900,1.0
37045951000,37045951000,1.0
37045951100,37045951100,1.0
37045951200,37045951200,1.0
37045951300,37045951300,1.0
37045951400,37045951400,1.0
37045951501,37045951501,1.0
37045951502,37045951502,1.0
37045951503,37045951503,1.0
37045951601,37045951601,1.0
37045951602,37045951602,1.0
37097060702,37059080102,3.2846324588574e-05
37071030101,37071030103,0.5188680748369501
37071030101,37071030104,0.48113192516305
37071030102,37071030105,0.3744540810820693
37071030102,37071030106,0.6255459189179308
37071031102,37071030106,0.006666079709037264
37071030205,37071030205,0.999980234668032
37071030204,37071030206,0.39490144476451156
37071030204,37071030207,0.6050985552354885
37071030203,37071030208,0.3792820270470541
37071030203,37071030209,0.620717972952946
37071030205,37071030209,1.9765331968007582e-05
37071030301,37071030301,0.9910141340344567
37071030301,37071030302,0.008985865965543252
37071030302,37071030302,1.0
37071030401,37071030401,1.0
37071030402,37071030403,0.5264689936351505
37071030402,37071030404,0.47353100636484946
37071030501,37071030501,0.9978623450855544
37071030700,37071030501,0.013875437476098354
37071030502,37071030503,0.4763209056941443
37071030502,37071030504,0.5236790943058557
37071030601,37071030601,0.9998147620546124
37071030601,37071030602,0.00014587736374438752
37071030602,37071030602,1.0
37109070500,37071030602,5.6743054398445176e-05
37071030700,37071030700,0.9861245625239017
37071030801,37071030801,0.998696881143448
37071030801,37071030802,0.000833572076681247
37071030802,37071030802,1.0
37071030901,37071030901,1.0
37071030902,37071030902,1.0
37071031001,37071031001,1.0
37071031004,37071031004,0.999521723195328
37071031003,37071031005,0.5562074477780161
37071031003,37071031006,0.4437925522219839
37071031101,37071031101,1.0
37071031102,37071031102,0.9933339202909628
37071031202,37071031202,0.9945348106260072
37071031201,37071031203,0.48425544965878764
37071031202,37071031203,0.005465189373992712
37071031004,37071031204,0.0004782768046720958
37071031201,37071031204,0.5157445503412124
37071031301,37071031301,0.9959458506942805
37071031302,37071031301,0.011807417587562345
37071031302,37071031303,0.4667807772555793
37071031302,37071031304,0.5214118051568584
37071031401,37071031401,1.0
37071031301,37071031402,0.004054149305719433
37071031402,37071031402,1.0
37071031500,37071031500,1.0
37045950500,37071031600,0.0011989784849115105
37071031600,37071031600,1.0
37071031703,37071031703,1.0
37071031704,37071031704,1.0
37071031701,37071031705,0.5534318798881005
37045950602,37071031706,6.561049324656613e-07
37071031701,37071031706,0.4464061829572745
37071031800,37071031800,1.0
37071031900,37071031901,0.41304275542478336
37071031900,37071031902,0.5869572445752166
37071032000,37071032000,1.0
37071032100,37071032100,1.0
37071032200,37071032201,0.6817641812648799
37071032507,37071032201,0.026936288233976965
37071032200,37071032202,0.3182358187351201
37071032301,37071032301,1.0
37071032302,37071032302,1.0
37071032402,37071032302,0.00038718840549475887
37071032401,37071032403,0.636367721619583
37071032401,37071032404,0.363632278380417
37071032402,37071032405,0.46942947837484106
37071032402,37071032406,0.5301833332196642
37071032505,37071032505,0.9995725344205207
37071033303,37071032505,0.0018405059428823322
37071032505,37071032506,0.00042746557947920955
37071032506,37071032506,1.0
37071032507,37071032507,0.9498554539171723
37071032507,37071032508,0.023208257848850736
37071032508,37071032508,1.0
37071032502,37071032509,0.2975479935206549
37071033307,37071032509,9.85055686216965e-06
37071032502,37071032510,0.702452006479345
37071032600,37071032600,1.0
37071032702,37071032702,1.0
37071032703,37071032703,1.0
37071032704,37071032704,1.0
37071032800,37071032801,0.3553128644788549
37071032800,37071032802,0.6446871355211451
37071033202,37071032802,0.0018758541329433316
37071032900,37071032900,1.0
37071033100,37071033100,1.0
37071033202,37071033202,0.9981241458670567
37071033203,37071033203,1.0
37071033204,37071033204,1.0
37071033303,37071033303,0.9981594940571177
37071033306,37071033306,1.0
45091061706,37071033306,0.0005843598185285042
45091061707,37071033306,0.00013117457294968215
37071033307,37071033308,0.5771708759115162
45091061707,37071033308,0.00047742375990347975
37071033305,37071033309,0.5475301884484094
37071033305,37071033310,0.45246981155159055
37071033307,37071033311,0.42281927353162163
37071033304,37071033312,0.6191399102260782
37071033304,37071033313,0.38086008977392183
37071033400,37071033400,1.0
37071033500,37071033501,0.4520219383674281
37071033500,37071033502,0.5479780616325719
37097060100,37097060100,1.0
37097060200,37097060200,1.0
37097060300,37097060300,1.0
37097060400,37097060400,1.0
37097060500,37097060500,1.0
37097060601,37097060601,1.0
37097060602,37097060602,1.0
37097060603,37097060603,1.0
37097060701,37097060701,1.0
37159051901,37097060701,0.0008665778038445262
37159051902,37097060701,0.0012154665463728566
37097060702,37097060702,0.9999026418651761
37159051902,37097060702,0.00012413608269011225
37097060703,37097060703,1.0
37097060801,37097060801,0.9998691466496388
37097060802,37097060802,1.0
37097060901,37097060901,0.9996325045883131
37097060902,37097060902,1.0
37097061001,37097061001,1.0
37097061002,37097061002,1.0
37097061003,37097061003,0.9999698864549144
37097061101,37097061101,1.0
37097061003,37097061102,3.011354508567238e-05
37097061102,37097061102,1.0
37097061103,37097061103,1.0
37097061104,37097061104,1.0
37097061201,37097061201,1.0
37097061202,37097061202,1.0
37097061203,37097061203,1.0
37097061204,37097061204,1.0
37097061205,37097061205,1.0
37097061301,37097061301,1.0
37159051901,37097061301,0.0014141137538287456
37097061302,37097061302,0.9958540097286536
37159051901,37097061302,0.00138374283980007
37097061303,37097061303,0.9911025044036005
37097061304,37097061304,1.0
37097061401,37097061401,1.0
37097061402,37097061402,1.0
37097061403,37097061403,1.0
37097061404,37097061404,1.0
37097061405,37097061405,1.0
37097061406,37097061406,1.0
37097061407,37097061407,0.9986984092554209
37119006404,37097061407,5.187519802642196e-05
37097061408,37097061408,0.9939022138854559
37119006404,37097061408,0.0021624054386394807
37097061501,37097061501,1.0
37097061502,37097061502,0.9999305453429262
37097061503,37097061503,1.0
37097061601,37097061601,1.0
37097061602,37097061603,0.4518059166169029
37097061602,37097061604,0.23472174473228885
37097061602,37097061605,0.31347233865080826
37109070100,37109070100,1.0
37109070201,37109070201,1.0
37109070202,37109070202,1.0
37109070300,37109070300,1.0
37071030501,37109070400,0.0021376549144456114
37109070400,37109070400,1.0
37109070500,37109070400,8.390442166973883e-05
37071030601,37109070500,3.9360581643177716e-05
37109070500,37109070500,0.9998593525239318
37109070600,37109070600,0.9886565001970578
37109070700,37109070700,0.9997780439600138
37109070800,37109070800,0.988152439704723
37109070901,37109070901,0.9936742435025443
37109070902,37109070902,1.0
37109071001,37109071001,1.0
37109071002,37109071002,1.0
37109071101,37109071101,0.9852042372454541
37109071102,37109071102,1.0
37109071201,37109071201,1.0
37109071202,37109071202,1.0
37109071203,37109071203,0.975051201277809
37119000100,37119000101,0.33649885648397043
37119000100,37119000102,0.2555934866234139
37119000100,37119000103,0.09250753452583388
37119000100,37119000104,0.3154001223667818
37119000300,37119000301,0.242423193337158
37119000300,37119000302,0.757576806662842
37119000400,37119000401,0.25070287320853046
37119000400,37119000402,0.7492971267914695
37119000500,37119000501,0.4420011830744589
37119000500,37119000502,0.3266859053870684
37119000500,37119000503,0.23131291153847275
37119000600,37119000600,1.0
37119000700,37119000700,1.0
37119000800,37119000800,1.0
37119000900,37119000900,1.0
37119001000,37119001000,1.0
37119001100,37119001100,1.0
37119001200,37119001200,1.0
37119001300,37119001300,1.0
37119001400,37119001400,1.0
37119001504,37119001504,1.0
37119001505,37119001505,1.0
37119001507,37119001507,1.0
37119001508,37119001508,1.0
37119001509,37119001509,1.0
37119001510,37119001510,1.0
37119001603,37119001603,1.0
37119001605,37119001605,1.0
37119001606,37119001606,1.0
37119001607,37119001607,1.0
37119001608,37119001608,1.0
37119001609,37119001609,1.0
37119001701,37119001701,1.0
37119001702,37119001702,1.0
37119001801,37119001801,1.0
37119001802,37119001802,1.0
37119001910,37119001910,1.0
37119001911,37119001911,1.0
37119001914,37119001914,1.0
37119001916,37119001916,1.0
37119001917,37119001917,1.0
37119001918,37119001918,1.0
37119001919,37119001919,1.0
37119001920,37119001920,1.0
37119001921,37119001921,1.0
37119001922,37119001922,1.0
37119001923,37119001923,1.0
37119001912,37119001924,0.3253407614857306
37119001912,37119001925,0.6746592385142695
37119001915,37119001926,0.6470431229435801
37119001915,37119001927,0.3529568770564199
37119002004,37119002004,1.0
37119002002,37119002005,0.3091724261308654
37119002002,37119002006,0.6908275738691346
37119002003,37119002007,0.3976172071931519
37119002003,37119002008,0.6023827928068481
37119002100,37119002100,1.0
37119002200,37119002201,0.48865030561829215
37119002200,37119002202,0.5113496943817079
37119002300,37119002300,1.0
37119002400,37119002400,1.0
37119002500,37119002500,1.0
37119002600,37119002600,1.0
37119002701,37119002701,1.0
37119002702,37119002702,1.0
37119002800,37119002800,1.0
37119002903,37119002903,1.0
37119002905,37119002905,1.0
37119002904,37119002907,0.3923034362621302
37119002904,37119002908,0.6076965637378698
37119002906,37119002909,0.5196985829300842
37119002906,37119002910,0.48030141706991586
37119003006,37119003006,1.0
37119003008,37119003008,1.0
37119003012,37119003012,1.0
37119003013,37119003013,1.0
37119003015,37119003015,1.0
37119003016,37119003016,1.0
37119003017,37119003017,1.0
37119003018,37119003018,1.0
37119003007,37119003019,0.29729907618585066
37119003007,37119003020,0.7027009238141493
37119003011,37119003021,0.41127195642227626
37119003011,37119003022,0.5887280435777237
37119003102,37119003102,1.0
37119003105,37119003105,1.0
37119003106,37119003106,1.0
37119003108,37119003108,1.0
37119003109,37119003109,1.0
37119003103,37119003110,0.517950362601774
37119003103,37119003111,0.48204963739822604
37119003201,37119003201,1.0
37119003203,37119003203,1.0
37119003204,37119003204,1.0
37119003300,37119003301,0.2661054753295979
37119003300,37119003302,0.7338945246704022
37119003400,37119003401,0.24207479229290352
37119003400,37119003402,0.7579252077070965
37119003500,37119003500,1.0
37119003600,37119003600,1.0
37119003700,37119003701,0.2427035209776223
37119003700,37119003702,0.7572964790223777
37119003802,37119003802,1.0
37119003805,37119003805,1.0
37119003807,37119003807,1.0
37119003808,37119003808,1.0
37119003806,37119003809,0.24706012440708217
37119003806,37119003810,0.49611343296728483
37119003806,37119003811,0.256826442625633
37119003902,37119003902,1.0
37119003903,37119003903,1.0
37119004000,37119004000,1.0
37119004100,37119004101,0.5402327182019361
37119004100,37119004102,0.459767281798064
37119004200,37119004200,1.0
37119004302,37119004302,1.0
37119004303,37119004303,1.0
37119004304,37119004304,1.0
37119004305,37119004306,0.3170490535404236
37119004305,37119004307,0.6829509464595764
37119004400,37119004400,1.0
37119006104,37119004400,0.0009541837071510459
37119004500,37119004500,1.0
37119004600,37119004600,1.0
37119004700,37119004700,1.0
37119004800,37119004800,1.0
37119004900,37119004900,1.0
37119005000,37119005000,1.0
37119005100,37119005100,1.0
37119005200,37119005200,1.0
37119005301,37119005301,1.0
37119005305,37119005305,1.0
37119005306,37119005306,1.0
37119005307,37119005307,1.0
37119005308,37119005308,1.0
37119005403,37119005403,1.0
37119005404,37119005403,9.930712320865228e-05
37119005404,37119005404,0.9999006928767914
37119005401,37119005405,0.35481738739022417
37119005401,37119005406,0.6451826126097758
37119005508,37119005508,1.0
37119005510,37119005510,1.0
37119005511,37119005511,1.0
37119005512,37119005512,1.0
37119005513,37119005513,1.0
37119005515,37119005515,1.0
37119005516,37119005516,1.0
37119005509,37119005517,4.513885533919831e-05
37119005517,37119005517,1.0
37119005519,37119005519,1.0
37119005520,37119005520,1.0
37119005522,37119005522,1.0
37119005509,37119005525,0.3462411231124063
37119005509,37119005526,0.6537137380322545
37119005514,37119005527,0.4177569727397537
37119005514,37119005528,0.5822430272602463
37119005518,37119005529,0.25094819954432496
37119005518,37119005530,0.749051800455675
37119005521,37119005531,0.6569616461699969
37119005521,37119005532,0.3430383538300032
37119005523,37119005533,0.6601115711561092
37119005523,37119005534,0.3398884288438908
37119005524,37119005535,0.18765525111210862
37119005524,37119005536,0.8123447488878914
37119005604,37119005604,1.0
37119005609,37119005604,0.0006860362521864309
37119005609,37119005609,0.9993139637478136
37119005610,37119005610,1.0
37025042603,37119005611,3.7426221205481535e-05
37025042604,37119005611,3.932602421972916e-06
37119005611,37119005611,0.9923018414023668
37119005612,37119005612,1.0
37119005613,37119005613,1.0
37119005615,37119005615,1.0
37119005616,37119005616,1.0
37119005617,37119005617,1.0
37025041502,37119005618,0.0004502994267547107
37119005618,37119005618,0.9980458673111771
37119005619,37119005619,1.0
37119005621,37119005621,1.0
37119005605,37119005622,0.2253986693742644
37119005605,37119005623,0.7746013306257356
37119005614,37119005624,0.3616635786220712
37119005614,37119005625,0.637424627539927
37119005620,37119005626,0.45255696632880543
37119005620,37119005627,0.5474430336711946
37119005709,37119005709,1.0
37119005710,37119005710,1.0
37119005712,37119005712,1.0
37119005713,37119005713,1.0
37179020309,37119005713,0.0001930671127326634
37119005714,37119005714,1.0
37025041601,37119005715,3.384964075238108e-07
37119005715,37119005715,1.0
37179020203,37119005715,1.3564113176500028e-05
37119005716,37119005716,1.0
37119005706,37119005718,0.27947037044537043
37119005706,37119005719,0.7205296295546296
37119005711,37119005720,0.46424689316923373
37119005711,37119005721,0.5357531068307663
37119005717,37119005722,0.5777920124492415
37119005717,37119005723,0.4222079875507585
37119005811,37119005811,1.0
37119005815,37119005815,1.0
37119005816,37119005816,1.0
37119005817,37119005817,1.0
37119005824,37119005824,1.0
45091061007,37119005824,2.511695960861402e-05
37119005826,37119005826,1.0
37119005827,37119005827,1.0
37119005828,37119005828,1.0
37119005829,37119005829,1.0
37119005830,37119005830,1.0
37119005832,37119005832,1.0
37119005833,37119005833,1.0
37119005834,37119005834,1.0
37119005835,37119005835,1.0
37179020313,37119005835,0.0015794967113222237
37179020314,37119005835,0.0005531561204168603
37119005836,37119005836,1.0
37119005839,37119005839,1.0
37119005840,37119005840,1.0
37119005843,37119005843,1.0
37119005845,37119005845,1.0
37119005846,37119005846,1.0
37119005847,37119005847,1.0
37119005848,37119005848,1.0
37119005823,37119005849,0.29124116133937145
37119005823,37119005850,0.32548864056506355
37119005823,37119005851,0.38321096817348094
37119005831,37119005852,0.5291318271675818
37119005831,37119005853,0.4708681728324182
37119005837,37119005854,0.4067963138369559
37119005837,37119005855,0.5932036861630441
37119005838,37119005856,0.1369116448578155
37119005838,37119005857,0.1901290222529563
37119005838,37119005858,0.6708796277653871
37119005841,37119005859,0.42131628105783175
37119005841,37119005860,0.5786837189421682
37119005842,37119005861,0.46084550260249313
37119005842,37119005862,0.5391544973975069
37119005844,37119005863,0.4246617813515568
37119005844,37119005864,0.5753382186484433
37119005812,37119005865,0.21772390057289856
37119005812,37119005866,0.7822760994271014
37119005825,37119005867,0.4706998086196393
37119005825,37119005868,0.5293001913803607
37119005908,37119005908,1.0
37119005910,37119005910,1.0
37119005913,37119005913,1.0
37119005915,37119005915,1.0
37119005916,37119005916,1.0
37119005918,37119005918,1.0
37119005906,37119005919,0.4451430624711718
37119005906,37119005920,0.5543365848407247
37119980100,37119005920,0.00010404606965485682
37119005907,37119005921,0.3886922945642396
37119005909,37119005921,0.004252177663962027
37119005912,37119005921,0.0002687841291787433
37119005907,37119005922,0.6113077054357604
37119005909,37119005923,0.2732316236173984
37119005909,37119005924,0.7225161987186396
37119005911,37119005925,0.2406851641908805
37119005911,37119005926,0.7593148358091195
37119005912,37119005927,0.1845183385868221
37119005912,37119005928,0.8152128772839992
37119980100,37119005928,0.000461432974332256
37119005914,37119005929,0.308817224982232
37119005914,37119005930,0.691182775017768
37119005917,37119005931,0.4638561690701426
37119005917,37119005932,0.5361438309298574
37119006005,37119006005,1.0
37119006008,37119006008,1.0
37119006009,37119006009,1.0
37119006006,37119006011,0.36178374044878114
37119006006,37119006012,0.6382162595512189
37119006007,37119006013,0.4436850026648583
37119006007,37119006014,0.5558038197053823
37119006010,37119006015,0.5031389311425127
37119006010,37119006016,0.49686106885748726
37119006007,37119006103,0.0005111776297595503
37119006103,37119006103,1.0
37119006105,37119006105,1.0
37119006108,37119006108,1.0
37119006109,37119006109,1.0
37119006104,37119006110,0.4120450026601005
37119006104,37119006111,0.5870008136327484
37119006106,37119006112,0.562232867998876
37119006106,37119006113,0.43776713200112405
37119006107,37119006114,0.6239790087123729
37119006107,37119006115,0.37602099128762706
37119006208,37119006208,1.0
37119006209,37119006209,1.0
37119006210,37119006210,1.0
37119006211,37119006211,1.0
37119006212,37119006212,1.0
37119006214,37119006214,1.0
37119006203,37119006216,0.35293701774844694
37119006203,37119006217,0.6470629822515531
37119006204,37119006218,0.2810030259697167
37119006204,37119006219,0.3120070732552786
37119006204,37119006220,0.406892308372021
37119006213,37119006221,0.13595334098344486
37119006204,37119006222,9.75924029836948e-05
37119006213,37119006222,0.8640466590165551
37119006215,37119006223,0.47622467803308816
37119006215,37119006224,0.5237753219669119
37119006302,37119006305,0.44342049041669573
37119006302,37119006306,0.13997177619875606
37119006302,37119006307,0.4166077333845482
37119006303,37119006308,0.6160070803828758
37119006303,37119006309,0.38399291961712423
37119006304,37119006310,0.518893147632312
37119006304,37119006311,0.481106852367688
37097061407,37119006403,0.0013015907445791638
37119006403,37119006403,1.0
37097061408,37119006404,2.8412574863150902e-05
37119006404,37119006404,0.997785719363334
37119006407,37119006407,1.0
37119006405,37119006408,0.2067470298876918
37119006405,37119006409,0.7932529701123082
37119006406,37119006410,0.47160053837767474
37119006406,37119006411,0.5283994616223253
37119005906,37119980100,0.0005203526881034837
37119980100,37119980100,0.9994345209560129
37119980200,37119980200,1.0
37119980300,37119980300,1.0
37159050201,37159050201,1.0
37159051002,37159050201,2.1791001545374246e-06
37159050202,37159050202,1.0
37159050300,37159050300,1.0
37159050400,37159050400,1.0
37159050500,37159050500,1.0
37159050700,37159050700,0.9999257555434093
37159051302,37159050700,1.3103012348879894e-05
37159050800,37159050800,1.0
37159050901,37159050800,0.0014011916938005767
37159050901,37159050901,0.9985988083061994
37159050903,37159050903,1.0
37159050904,37159050904,1.0
37025041702,37159051001,0.00019838532740683947
37159051001,37159051001,1.0
37159051002,37159051002,0.9999978208998455
37159051101,37159051101,0.9999848949859426
37159051102,37159051102,1.0
37159051201,37159051201,1.0
37159051202,37159051202,1.0
37159051204,37159051204,1.0
37159051301,37159051301,1.0
37159050700,37159051302,7.424445659068041e-05
37159051302,37159051302,0.9999868969876511
37159051303,37159051303,1.0
37159051400,37159051400,1.0
37025041000,37159051501,0.0035375138973760254
37159051501,37159051501,1.0
37159051502,37159051501,0.0003153070092630617
37025041200,37159051502,0.0009000310130137985
37159051502,37159051502,0.9996846929907369
37159051600,37159051502,1.70983486756816e-06
37159051600,37159051600,0.9999982901651324
37159051700,37159051700,1.0
37025041200,37159051801,0.00415111358221567
37097061408,37159051801,0.00314328519142362
37097061502,37159051801,6.945465707379251e-05
37159051801,37159051801,1.0
37097061303,37159051802,0.002378652854498029
37159051802,37159051802,1.0
37097061302,37159051901,0.004145990271346464
37097061303,37159051901,0.006518842741901509
37159051901,37159051901,0.9963355656025267
37159051902,37159051903,0.4764910545294869
37097060702,37159051904,6.451181023532735e-05
37159051902,37159051904,0.5221693428414501
37159052000,37159052000,1.0
37167930101,37167930101,1.0
37167930102,37167930102,1.0
37167930200,37167930200,1.0
37167930300,37167930300,0.9975197459412342
37167930500,37167930500,0.9891910732209781
37167930700,37167930700,1.0
37167930801,37167930801,0.9999878504814754
37167930802,37167930801,2.9302177895250046e-05
37167930801,37167930802,1.214951852456902e-05
37167930802,37167930802,0.9999706978221048
37167930900,37167930901,0.5760898111616949
37167930900,37167930902,0.4239101888383051
37167931000,37167931001,0.5817650689632687
37167931000,37167931002,0.41823493103673126
37167931202,37167931002,2.5830007554283746e-06
37167931100,37167931101,0.3085106225879373
37167931100,37167931102,0.6914893774120627
37167931202,37167931202,0.9934587294100069
37167931201,37167931203,0.4158868061569405
37167931202,37167931203,0.006538687589237709
37167930300,37167931204,0.0024802540587657925
37167930500,37167931204,0.010808926779021873
37167931201,37167931204,0.5841131938430595
37179020100,37179020100,1.0
37025041601,37179020203,0.0003473525788390256
37179020203,37179020203,0.9999864358868235
37025041601,37179020204,0.0007645390389771982
37179020204,37179020204,1.0
37179020202,37179020205,0.43335758197764696
37179020202,37179020206,0.566642418022353
37179020305,37179020305,1.0
37179020307,37179020307,1.0
37179020308,37179020308,1.0
37179020309,37179020309,0.9998069328872673
37179020310,37179020310,1.0
37179020312,37179020312,1.0
37179020313,37179020313,0.9984205032886778
37119005823,37179020314,5.922992208412813e-05
37179020314,37179020314,0.9994468438795832
37179020315,37179020315,1.0
37179020316,37179020316,1.0
37179020317,37179020317,1.0
37179020311,37179020318,0.3740159629886083
37179020311,37179020319,0.6259840370113917
37179020306,37179020320,0.19937649065643537
37179020306,37179020321,0.8006235093435646
37179020401,37179020401,1.0
37179020403,37179020403,0.9998652066233832
37179020404,37179020405,0.44112402999151856
37179020403,37179020406,0.00013479337661679444
37179020404,37179020406,0.5588759700084814
37179020501,37179020501,1.0
37179020502,37179020502,1.0
37179020601,37179020601,1.0
37179020602,37179020602,1.0
37179020701,37179020701,1.0
37179020702,37179020702,1.0
37007920300,37179020800,0.00023844066621122378
37179020800,37179020800,1.0
37179020901,37179020901,1.0
37179020902,37179020902,1.0
37179021004,37179021004,1.0
37179021005,37179021005,1.0
37179021006,37179021006,1.0
37179021007,37179021007,1.0
37179021009,37179021009,1.0
37179021012,37179021012,0.9999780447733838
37179021013,37179021012,1.3667737306088977e-05
37179021008,37179021013,6.6956918531651995e-06
37179021012,37179021013,2.1955226616134758e-05
37179021013,37179021013,0.999986332262694
37179021014,37179021014,1.0
37179021015,37179021015,1.0
45057011100,37179021015,1.2721651009282658e-06
37179021008,37179021016,0.6020295502881611
37179021008,37179021017,0.3979637540199858
37179021010,37179021018,0.5224162423077936
37179021010,37179021019,0.4775837576922064
37179021011,37179021020,0.6330895389926653
37179021011,37179021021,0.36691046100733465
37097060901,37193961201,0.0003648929327800074
37097060901,37197050401,2.6024789068608536e-06
37097060801,37197050402,0.00013085335036121362
37045950602,45021970401,4.6911502671294785e-05
37045950602,45021970404,7.416415755130364e-05
45091061900,45021970404,0.0007262547195922037
45023020100,45023020100,0.9998306196091853
45023020602,45023020100,0.00046585400211760213
45023020200,45023020200,1.0
45023020300,45023020300,1.0
45023020400,45023020400,0.9999994792786548
45023020500,45023020500,1.0
45023020601,45023020500,3.847563869464839e-07
45023020601,45023020601,0.999999615243613
45023020100,45023020602,0.0001693803908146935
45023020400,45023020602,5.207213451905163e-07
45023020602,45023020602,0.9995156270521351
45023020700,45023020700,1.0
45023020800,45023020800,1.0
45023020900,45023020900,1.0
45023021000,45023021000,1.0
45057010100,45057010100,1.0
45057010200,45057010201,0.67652882290994
45057010200,45057010202,0.32347117709006
45057010300,45057010300,1.0
45057010400,45057010400,1.0
45057010500,45057010500,0.9827193250157248
45057010500,45057010600,0.015871360279788273
45057010600,45057010600,1.0
45057010700,45057010600,0.006044669619621844
45057010500,45057010700,0.0014093147044869601
45057010700,45057010700,0.9939553303803782
45057010900,45057010700,0.004110036343805185
45057011002,45057010700,7.041911487119535e-05
45057010800,45057010800,1.0
45057010900,45057010900,0.9958899636561949
45057011001,45057011001,1.0
45057011002,45057011002,0.9999295808851288
45057011100,45057011100,0.9999987278348991
45057011201,45057011203,0.21618853133190252
37119005838,45057011204,0.0020797051238411034
45057011201,45057011204,0.22567782239949769
45057011201,45057011205,0.32688579020473973
45057011202,45057011205,0.0001252507783051598
45057011201,45057011206,0.23124785606386006
45057011202,45057011206,4.783337972548148e-05
45057011202,45057011207,0.06885349092224649
45057011202,45057011208,0.09040994882959429
45057011202,45057011209,0.6891758347979615
45057011202,45057011210,0.05300491168512593
45057011202,45057011211,0.09838272960704113
45091060102,45091060102,1.0
45091060200,45091060200,1.0
45091060300,45091060300,1.0
45091060401,45091060401,1.0
45091060402,45091060402,1.0
45091060501,45091060501,1.0
45091060502,45091060502,1.0
45091060600,45091060600,1.0
45091060700,45091060700,1.0
45091060905,45091060700,9.892557679222595e-06
45091060802,45091060802,0.9977016436899351
45091060803,45091060803,1.0
45091060804,45091060804,1.0
45091060802,45091060901,0.00229835631006496
45091060901,45091060901,1.0
45091061201,45091060901,2.0292732285827203e-05
45091060904,45091060904,1.0
45091060906,45091060904,1.399007002401764e-05
45091060905,45091060908,0.2641834961379538
45091060905,45091060909,0.735806611304367
45091060906,45091060910,0.5255170091203767
45091060906,45091060911,0.47446900080959925
45091060907,45091060912,0.4943576542090941
45091060907,45091060913,0.5056423457909058
45091061004,45091061004,1.0
45091061006,45091061006,1.0
45091061007,45091061007,0.9999748830403914
45091061008,45091061007,8.723785591643535e-05
45091061008,45091061008,0.999898011137077
45091061101,45091061008,4.351424232391103e-05
45091061003,45091061009,0.6460327474471314
45091061003,45091061010,0.35396725255286865
45091061005,45091061011,0.725031216736155
45091061008,45091061011,1.4751007006528089e-05
45091061005,45091061012,0.274968783263845
45091061101,45091061101,0.999956485757676
45091061103,45091061103,1.0
45091061104,45091061103,0.0012803109258453444
45091061104,45091061104,0.9987196890741546
45091061202,45091061202,1.0
45091061203,45091061203,1.0
45091061201,45091061204,0.24647438137556904
45091061201,45091061205,0.7535053258921451
45091061301,45091061301,1.0
45023020602,45091061302,1.8518945747256033e-05
45091061302,45091061302,1.0
45091061401,45091061401,1.0
45091061403,45091061403,1.0
45091061404,45091061404,1.0
45091061501,45091061503,0.5408241451697052
45091061601,45091061503,0.017542039240864296
45091061501,45091061504,0.45917585483029477
45091061502,45091061505,0.5126040989884154
45091061502,45091061506,0.48739590101158464
45091061601,45091061601,0.9824579607591357
45091061602,45091061602,1.0
45091061701,45091061701,0.9998136689343882
45091061705,45091061705,1.0
45091061706,45091061706,0.9994156401814714
45091061708,45091061708,1.0
45091061707,45091061709,0.7451034768658225
45091061707,45091061710,0.25428792480132445
45091061801,45091061801,1.0
45091061802,45091061802,1.0
45091061701,45091061900,0.0001863310656118339
45091061900,45091061900,0.9992737452804078
